link,title
https://sfbay.craigslist.org/scz/npo/d/mental-health-therapist-ys/6369643613.html,Mental Health Therapist - YS (1529)
https://sfbay.craigslist.org/sfc/npo/d/bilingual-family-resource/6369620145.html,ðŸ‘Š FIGHT THE DIRTY WATER AGENDA! Join Clean Water Action now! ðŸ’§
https://sfbay.craigslist.org/sfc/npo/d/work-for-amnesty/6369581621.html,Bilingual Family Resource Specialist (Cantonese/English)
https://sfbay.craigslist.org/eby/npo/d/work-for-amnesty/6369578736.html,Care Manager LCSW
https://sfbay.craigslist.org/scz/npo/d/t-t-campaign-jobsrein-in-wall/6369515550.html,* ðŸ•¯ WORK for AMNESTY INTERNATIONAL! ðŸ•¯ * (Oakland)
https://sfbay.craigslist.org/sfc/npo/d/case-manager/6369470867.html,Fall Prevention Program Coordinator
https://sfbay.craigslist.org/eby/npo/d/instructor-instructor-aide/6369439344.html,* ðŸ•¯ WORK for AMNESTY INTERNATIONAL! ðŸ•¯ * (Oakland)
https://sfbay.craigslist.org/sfc/npo/d/become-certified-teacher-in/6369430617.html,Residential Counselor - Change a Child's Life
https://sfbay.craigslist.org/eby/npo/d/you-can-make-difference-and/6369092568.html,F/T & P/T CAMPAIGN JOBSâ˜…REIN IN WALL STREETâ˜…Earn Avg $1760-2560/
https://sfbay.craigslist.org/sby/npo/d/case-manager-nc-ccp/6368930686.html,Case Manager - Family Housing
https://sfbay.craigslist.org/pen/npo/d/visitor-service-park-aide/6368879372.html,Case Manager
https://sfbay.craigslist.org/sfc/npo/d/development-associate/6368854400.html,"in the FACE of FEAR, stand for PEACE and DIPLOMACY"
https://sfbay.craigslist.org/nby/npo/d/interim-community-development/6368816304.html,Instructor & Instructor Aide
https://sfbay.craigslist.org/eby/npo/d/executive-assistant-to-the-ceo/6368792471.html,Become a Certified Bilingual Teacher in San Francisco. Apply by 12/1!
https://sfbay.craigslist.org/pen/npo/d/certified-drug-alcohol/6368700277.html,Become a Certified Teacher in San Francisco. Apply by the December 1st
https://sfbay.craigslist.org/sby/npo/d/program-manager/6368673828.html,**** Work for Greenpeace to Protect our National Parks ****
https://sfbay.craigslist.org/sfc/npo/d/ambassador-supervisor/6368650038.html,You can make a difference - and get PAID!
https://sfbay.craigslist.org/pen/npo/d/animal-control-officer/6368580466.html,Bilingual Mental Health Clinician
https://sfbay.craigslist.org/eby/npo/d/efc-program-instructor-ascend/6368577203.html,Case Manager- NC CCP
https://sfbay.craigslist.org/nby/npo/d/make-difference-career/6368576437.html,Visitor Service Park Aide-North Park Sector
https://sfbay.craigslist.org/eby/npo/d/make-difference-career/6368574861.html,Visitor Service Park Aide-Elephant Seal Walk Season
https://sfbay.craigslist.org/eby/npo/d/hiring-event-aba-therapy-paid/6368566112.html,Visitor Service Park Aide
https://sfbay.craigslist.org/nby/npo/d/attention-non-profit/6368542381.html,Development Associate
https://sfbay.craigslist.org/eby/npo/d/family-housing-advocate/6368475682.html,Executive Assistant
https://sfbay.craigslist.org/sfc/npo/d/work-for-amnesty/6368473996.html,Interim Community Development Coordinator
https://sfbay.craigslist.org/sfc/npo/d/administrative-assistant-ii/6368429966.html,Child and Family Clinician: Mental Health Support for Youth!
https://sfbay.craigslist.org/sfc/npo/d/msw-or-bsw-case-manager/6368381363.html,Executive Assistant to the CEO
https://sfbay.craigslist.org/eby/npo/d/program-supervisor-ii/6368329457.html,Resource Families Recruiter/Trainer & Case Manager
https://sfbay.craigslist.org/nby/npo/d/post-graduate-internship-asw/6368215509.html,CERTIFIED DRUG & ALCOHOL COUNSELOR
https://sfbay.craigslist.org/sby/npo/d/outreach-specialist-2-openings/6367708880.html,Assistant Manager (Spanish Speaker Preferred)
https://sfbay.craigslist.org/nby/npo/d/clinician-therapist-social/6367628931.html,Program Manager
https://sfbay.craigslist.org/eby/npo/d/health-information-specialist/6367520468.html,PAID CAMPAIGN- JOBS-WORK ON BEHALF OF DOCTORS WITHOUT BORDERS
https://sfbay.craigslist.org/eby/npo/d/mental-health-peer-counselor/6367517238.html,"Ambassador Supervisor, Membership Part-Time"
https://sfbay.craigslist.org/eby/npo/d/counselor-mental-health-peer/6367515885.html,Outreach Assistant - recruit Bay Area Schools to help fight leukemia
https://sfbay.craigslist.org/eby/npo/d/residential-counselor-full/6367514161.html,Animal Control Officer
https://sfbay.craigslist.org/nby/npo/d/bilingual-child-and-family/6367508359.html,Make a Difference - Career Opportunity -  Paid Training - ABA Therapy
https://sfbay.craigslist.org/sfc/npo/d/turn-staff-into-leaders/6367489510.html,EFC Program Instructor (ASCEND) 17-18
https://sfbay.craigslist.org/eby/npo/d/shelter-advocate-full-time/6367466886.html,Make a Difference - Career Opportunity -  Paid Training - ABA Therapy
https://sfbay.craigslist.org/nby/npo/d/residential-counselor/6367454127.html,Make a Difference - Career Opportunity -  Paid Training - ABA Therapy
https://sfbay.craigslist.org/scz/npo/d/counselor-on-call-1415/6367424458.html,Restorative Justice Facilitator 2017/2018 (Bret Harte Middle School)
https://sfbay.craigslist.org/pen/npo/d/residential-living-skills/6367417608.html,Make a Difference - Career Opportunity -  Paid Training - ABA Therapy
https://sfbay.craigslist.org/eby/npo/d/full-time-and-on-call/6367402037.html,Make a Difference - Career Opportunity -  Paid Training - ABA Therapy
https://sfbay.craigslist.org/scz/npo/d/mental-health-counselor-1503/6367372003.html,Hiring Event!!! - ABA Therapy - Paid Training - Work With Children
https://sfbay.craigslist.org/sfc/npo/d/dog-rescue-adoptions-and/6367363642.html,RESIDENT SERVICES COORDINATOR (San Jose East)
https://sfbay.craigslist.org/eby/npo/d/hiring-immediately-paid/6367318996.html,Attention Non Profit Executives!
https://sfbay.craigslist.org/eby/npo/d/executive-assistant/6367300544.html,Executive Assistant II
https://sfbay.craigslist.org/scz/npo/d/case-manager-position/6367229732.html,Family Housing Advocate-Weekend Shift
https://sfbay.craigslist.org/nby/npo/d/adoption-caseworker-sacramento/6367184359.html,Resource Counselor-Mental Health
https://sfbay.craigslist.org/sby/npo/d/mon-sun-caregiving-shifts/6367127309.html,* ðŸ•¯ WORK for AMNESTY INTERNATIONAL! ðŸ•¯ * (Oakland)
https://sfbay.craigslist.org/eby/npo/d/grants-coordinator/6367119298.html,* ðŸ•¯ WORK for AMNESTY INTERNATIONAL! ðŸ•¯ * (Oakland)
https://sfbay.craigslist.org/sfc/npo/d/development-associate-for/6367087547.html,Administrative Assistant II UCSF/CASC
https://sfbay.craigslist.org/nby/npo/d/mental-health-peer-triage/6367075866.html,In Home and Community Based Therapist
https://sfbay.craigslist.org/eby/npo/d/work-for-amnesty/6367070437.html,MSW or BSW Case Manager
https://sfbay.craigslist.org/eby/npo/d/be-job-coach-at-project-search/6367057125.html,Production Manager
https://sfbay.craigslist.org/eby/npo/d/social-worker-contra-costa/6367052079.html,Program Supervisor II
https://sfbay.craigslist.org/eby/npo/d/executive-assistant/6367008118.html,"Senior Vice-President, Self-Help Federal Credit Union"
https://sfbay.craigslist.org/sby/npo/d/residentail-counselor-needed/6366985546.html,"Post-Graduate Internship- ASW, MFTi, Post-Doc"
https://sfbay.craigslist.org/eby/npo/d/social-worker-54k/6366973789.html,Hiring Leaders for Consumer Protection Movement! Earn avg $440-$640/wk
https://sfbay.craigslist.org/sfc/npo/d/lcsw-or-lmft-project-director/6366968977.html,Outreach Specialist (2 openings)
https://sfbay.craigslist.org/eby/npo/d/social-worker-youth-advocate/6366965776.html,*Clinical Supervisor/MFT or LSW for Residential Treatment Program*
https://sfbay.craigslist.org/sfc/npo/d/sr-program-manager-ilsp/6366964179.html,Sr Program Manager - ILSP
https://sfbay.craigslist.org/sfc/npo/d/registered-alcohol-drug/6366957757.html,"Residential Counselor - (Union position, F/T, Day and Swing Shifts)"
https://sfbay.craigslist.org/sfc/npo/d/1200-bonus-certified/6366955445.html,"REGISTERED ALCOHOL / DRUG COUNSELORS (F/T, Day and Swing)"
https://sfbay.craigslist.org/sfc/npo/d/program-director-san-jose/6366944482.html,"$1200 BONUS! Marriage Family Therapist Intern,  (F/T, Day and Swing)"
https://sfbay.craigslist.org/pen/npo/d/crisis-intervention-program/6366904122.html,"$1200 BONUS! CERTIFIED SUBSTANCE USE COUNSELORS (F/T, Day & Swing)"
https://sfbay.craigslist.org/sfc/npo/d/supervising-counselor-fotep-ti/6366752122.html,"Psychiatric Respite Residential Counselors-(Union, F/T - All shifts)"
https://sfbay.craigslist.org/sfc/npo/d/weekend-coordinator-fotep/6366749655.html,Program Director - San Jose Place
https://sfbay.craigslist.org/sby/npo/d/associate-director-innovation/6366745719.html,"LCSW or LMFT Project Director, Adult Supported/Independent Living Coop"
https://sfbay.craigslist.org/sby/npo/d/education-organizer/6366741319.html,Crisis Intervention Program Manager/Trauma Counselor
https://sfbay.craigslist.org/sby/npo/d/paid-activism-work-with/6366677665.html,Overnight Monitor (Temporary) - FOTEP TI
https://sfbay.craigslist.org/nby/npo/d/seeking-purpose-caregiver-for/6366390306.html,Supervising Counselor - FOTEP TI
https://sfbay.craigslist.org/nby/npo/d/senior-accountant-part-time/6366376059.html,Case Manager Supervisor
https://sfbay.craigslist.org/sfc/npo/d/lead-av-technicians-wanted/6366177941.html,Weekend Coordinator - FOTEP
https://sfbay.craigslist.org/sfc/npo/d/marketing-manager-part-time/6365855438.html,"Associate Director, Analytics"
https://sfbay.craigslist.org/eby/npo/d/work-for-amnesty/6365652008.html,"Associate Director, Innovation"
https://sfbay.craigslist.org/sfc/npo/d/prek-garden-ecology-multiarts/6364907445.html,"Fundraise With Two Incredible Charities! Hourly plus bonuses, Benefits"
https://sfbay.craigslist.org/eby/npo/d/work-for-amnesty/6364684249.html,Education Organizer
https://sfbay.craigslist.org/sby/npo/d/job-coach-part-time-substitute/6363904671.html,Associate Director of Regional Community Engagement - Bay Area
https://sfbay.craigslist.org/eby/npo/d/case-manager-solano-county/6363880091.html,**PAID ACTIVISM! Work with Greenpeace to Fight Climate Change**
https://sfbay.craigslist.org/pen/npo/d/case-manager-san-mateo-county/6363856618.html,**PAID ACTIVISM! Work with Greenpeace to Fight Climate Change**
https://sfbay.craigslist.org/eby/npo/d/step-crisis-clinician/6363855094.html,Seeking a purpose? Caregiver for adults with intellectual disability.
https://sfbay.craigslist.org/eby/npo/d/bilingual-classroom-therapist/6363833230.html,HEALTH CARE COORDINATOR
https://sfbay.craigslist.org/sfc/npo/d/property-manager-supportive/6363810132.html,Senior Accountant - Part time
https://sfbay.craigslist.org/sfc/npo/d/program-manager-larkin-street/6363803910.html,A/V TECHNICIANS WANTED
https://sfbay.craigslist.org/sfc/npo/d/family-economic-success/6363793705.html,LEAD AV TECHNICIANS WANTED
https://sfbay.craigslist.org/sfc/npo/d/program-manager-assisted-care/6363790345.html,Office Admin/ Phone Order
https://sfbay.craigslist.org/sfc/npo/d/workforce-development-coach/6363777708.html,Marketing Manager - part-time
https://sfbay.craigslist.org/nby/npo/d/counselor-and-methadone/6363776283.html,* ðŸ•¯ WORK for AMNESTY INTERNATIONAL! ðŸ•¯ * (Oakland)
https://sfbay.craigslist.org/sfc/npo/d/senior-group-exercise-leader/6363761402.html,* ðŸ•¯ WORK for AMNESTY INTERNATIONAL! ðŸ•¯ * (Oakland)
https://sfbay.craigslist.org/pen/npo/d/pt-clinician-ii-license/6363749882.html,Fundraising Event Coordinator
https://sfbay.craigslist.org/eby/npo/d/housing-coordinator/6363738477.html,PreK Garden-Ecology- MultiArts-Literacy-Nutrition Educator
https://sfbay.craigslist.org/eby/npo/d/residential-counselor-full/6363735539.html,* ðŸ•¯ WORK for AMNESTY INTERNATIONAL! ðŸ•¯ * (Oakland)
https://sfbay.craigslist.org/eby/npo/d/counselor-mental-health-peer/6363733668.html,* ðŸ•¯ WORK for AMNESTY INTERNATIONAL! ðŸ•¯ * (Oakland)
https://sfbay.craigslist.org/scz/npo/d/food-service-hospitality/6363722450.html,"â–ºMake change happen in our community, be an activist! Up to $2560/mo"
https://sfbay.craigslist.org/eby/npo/d/behavioral-health-counselor-ii/6363714765.html,Job Coach - Part Time/Substitute
https://sfbay.craigslist.org/eby/npo/d/team-leader-mental-health/6363708041.html,Job Coach - Janitorial Services
https://sfbay.craigslist.org/nby/npo/d/seeking-dedicated-couple-for/6363699948.html,"Case Manager, Solano County"
https://sfbay.craigslist.org/nby/npo/d/legal-systems-advocate/6363664567.html,Community Support Facilitator - Daly City/Pacifica
https://sfbay.craigslist.org/sfc/npo/d/vocational-rehabilitation/6363660455.html,"Case Manager, San Mateo County"
https://sfbay.craigslist.org/sfc/npo/d/behavioral-health-counselor/6363646096.html,"Residential Counselor, San Mateo County"
https://sfbay.craigslist.org/sfc/npo/d/client-care-supervisor-san/6363629193.html,STEP Crisis Clinician
https://sfbay.craigslist.org/scz/npo/d/get-job-that-mattersearn-up/6363622551.html,Bilingual Non-Profit Social Worker Supporting Youth in Juvenile Justic
https://sfbay.craigslist.org/pen/npo/d/carb-dm-executive-director/6363568965.html,Bilingual Classroom Therapist - Children's Therapeutic Preschool
https://sfbay.craigslist.org/eby/npo/d/adoption-specialist/6363522254.html,San Francisco Bicycle Coalition hiring a Community Organizer
https://sfbay.craigslist.org/sfc/npo/d/office-admin-phone-order/6363513087.html,Property Manager (Supportive Housing)
https://sfbay.craigslist.org/sfc/npo/d/v-technicians-wanted/6363511083.html,Case Manager ($20.18 M-F)
https://sfbay.craigslist.org/eby/npo/d/get-paid-to-have-fun-and-help/6363470659.html,Program Manager - Larkin Street Academy
https://sfbay.craigslist.org/nby/npo/d/support-group-facilitator-1-2/6363449657.html,Program Manager - PATHWAYS
https://sfbay.craigslist.org/sfc/npo/d/bookkeeper-fin-mgr-non-profit/6363379534.html,Family Economic Success Advocate
https://sfbay.craigslist.org/sfc/npo/d/assistant-project-manager/6363375921.html,Senior Accountant
https://sfbay.craigslist.org/sfc/npo/d/employment-case-manager/6363355877.html,Program Manager-Assisted Care/After Care
https://sfbay.craigslist.org/sfc/npo/d/meeting-and-education/6363353186.html,Resource Family Certifier
https://sfbay.craigslist.org/sfc/npo/d/community-organizing-peer/6363350925.html,Workforce Development Coach
https://sfbay.craigslist.org/eby/npo/d/dont-let-democracy-go-down/6363338607.html,Executive Assistant
https://sfbay.craigslist.org/sby/npo/d/have-people-skills-we-want-to/6363285922.html,Counselor and Methadone Dispenser Positions
https://sfbay.craigslist.org/sfc/npo/d/counselor-crisis-and-seniors/6363276213.html,Differential Response Liaison
https://sfbay.craigslist.org/sfc/npo/d/assistant-director-progress/6363272139.html,Senior Group Exercise Leader (full-time)
https://sfbay.craigslist.org/sby/npo/d/food-connection-specialist/6363271802.html,Development Assoc at Downtown Arts Org
https://sfbay.craigslist.org/sfc/npo/d/program-director-cortland/6363269346.html,PT Clinician II - License Required -CSU Program (Sat - Sun Only)
https://sfbay.craigslist.org/eby/npo/d/senior-practitioner-manager/6363267668.html,Quality Improvement Administrator
https://sfbay.craigslist.org/sfc/npo/d/certified-substance-abuse/6363251559.html,Certified Substance Abuse Counselors
https://sfbay.craigslist.org/eby/npo/d/substance-abuse-specialist/6363212243.html,"Post-Graduate Internship- ASW, MFTi, Post-Doc"
https://sfbay.craigslist.org/eby/npo/d/accounting-supervisor/6363206035.html,Substance Abuse Specialist
https://sfbay.craigslist.org/eby/npo/d/billing-specialist-part-time/6363194471.html,Program Assistant - ABA Therapy
https://sfbay.craigslist.org/sfc/npo/d/corps-assistant/6363180843.html,Accounting Supervisor
https://sfbay.craigslist.org/eby/npo/d/employment-specialist/6363153694.html,Human Resources Assistant/Payroll/Benefits Specialist
https://sfbay.craigslist.org/eby/npo/d/membership-and-gift-store/6363135928.html,Billing Specialist-Part-time 25 Hours Per Week
https://sfbay.craigslist.org/eby/npo/d/billing-specialist-non-profit/6363103168.html,Field Operation Scheduler - Part-time
https://sfbay.craigslist.org/eby/npo/d/full-time-clinician-non/6363082052.html,Corps Assistant
https://sfbay.craigslist.org/sby/npo/d/case-manager-ssvf/6362631852.html,Bell Ringer
https://sfbay.craigslist.org/sby/npo/d/boys-residential-group-home/6362568330.html,Employment Specialist
https://sfbay.craigslist.org/sby/npo/d/clinician-2-school-linked/6362483057.html,Case Manager
https://sfbay.craigslist.org/sby/npo/d/independent-living-skills/6362472788.html,Membership and Gift Store Associate
https://sfbay.craigslist.org/nby/npo/d/mental-health-counselor-short/6362467030.html,Bilingual Clinician | Non-Profit Seeks Spanish-Speaking Therapist
https://sfbay.craigslist.org/sby/npo/d/clinical-supervisor-mental/6362461058.html,Billing Specialist | Non-Profit Seeking QA Analyst
https://sfbay.craigslist.org/sfc/npo/d/admissions-coordinator/6362447087.html,PapÃ¡s Program Manager (1526)
https://sfbay.craigslist.org/scz/npo/d/family-services-coordinator/6362424783.html,Full-Time Clinician | Non-Profit Seeking Mental Health Therapist
https://sfbay.craigslist.org/sby/npo/d/family-services-coordinator/6362418611.html,Full-Time Clinician | Non-Profit Seeking Mental Health Therapist
https://sfbay.craigslist.org/nby/npo/d/client-services-representative/6362370960.html,Case Manager- SSVF
https://sfbay.craigslist.org/scz/npo/d/clinician-for-return-project/6362346644.html,Temporary Night Counselor (1523)
https://sfbay.craigslist.org/scz/npo/d/executive-assistant-1519/6362332100.html,Boys Residential Group Home Counselor
https://sfbay.craigslist.org/sfc/npo/d/animal-and-client-care/6362320442.html,INDEPENDENT CONTRACTOR PSYCHIATRIST (Part Time - 8 hours per week)
https://sfbay.craigslist.org/sfc/npo/d/overnight-rvt-or-veterinary/6362311978.html,Clinician 2 - School Linked Services Bilingual: Eng/Spanish Required
https://sfbay.craigslist.org/nby/npo/d/program-director-sq/6362309205.html,Graphic Design and Communications Associate (GL300)
https://sfbay.craigslist.org/eby/npo/d/case-worker/6362293631.html,Independent Living Skills Trainer - Part-Time/Substitute
https://sfbay.craigslist.org/pen/npo/d/emergency-response-program/6362280646.html,RESEARCH OFFICE COORDINATOR
https://sfbay.craigslist.org/nby/npo/d/personal-assistant-caregiver/6362264724.html,Mental Health Counselor - Short-term residential program for youth!
https://sfbay.craigslist.org/eby/npo/d/behavioral-support-counselor/6362251834.html,Bilingual Outpatient Therapist - Support youth and families!
https://sfbay.craigslist.org/scz/npo/d/sud-therapist-7-challenges/6362245400.html,Clinical Supervisor - Mental Health Services
https://sfbay.craigslist.org/eby/npo/d/social-work-supervisor-part/6362227984.html,Bilingual (Spanish/English) Family Case Manager
https://sfbay.craigslist.org/sfc/npo/d/staff-attorney-temporary/6362209509.html,Admissions Coordinator
https://sfbay.craigslist.org/eby/npo/d/lead-director-of-social/6362182047.html,Part Time Peer Mentor - LGBTQ Services
https://sfbay.craigslist.org/eby/npo/d/program-aide/6362154848.html,Family Services Coordinator - Villas Del Paraiso
https://sfbay.craigslist.org/eby/npo/d/residential-counselor-full/6362152797.html,Family Services Coordinator - Baker Park (Temp)
https://sfbay.craigslist.org/eby/npo/d/master-level-clinicians-work/6362150428.html,Family Services Coordinator - Santa Familia
https://sfbay.craigslist.org/sby/npo/d/crisis-counselor/6362066934.html,Program Director
https://sfbay.craigslist.org/sfc/npo/d/seeking-bi-lingual-clinical/6362002710.html,Client Services Representative
https://sfbay.craigslist.org/eby/npo/d/work-for-amnesty/6361976297.html,Mental Health Therapist- EQ (1513)
https://sfbay.craigslist.org/pen/npo/d/home-care-staffing/6361959172.html,Clinician for ReTurn Project (1515)
https://sfbay.craigslist.org/sby/npo/d/program-manager/6361886844.html,Foster Care Coordinator - part time
https://sfbay.craigslist.org/nby/npo/d/personal-attendant/6361730251.html,Executive Assistant (1519)
https://sfbay.craigslist.org/nby/npo/d/mental-health-full-time-care/6361325604.html,Community Resource Coordinator
https://sfbay.craigslist.org/nby/npo/d/bilingual-permanency/6361128464.html,Animal and Client Care Associates - Holiday Windows - SF SPCA
https://sfbay.craigslist.org/eby/npo/d/teacher-therapist-in-our/6361104629.html,Education/Employment Case Manager - RRH - City of SJ and OSH
https://sfbay.craigslist.org/sfc/npo/d/onejustice-operations-manager/6361022071.html,Overnight RVT or Veterinary Assistant- One Shift/Week
https://sfbay.craigslist.org/sfc/npo/d/associate-director-of/6361019212.html,Program Director - SQ
https://sfbay.craigslist.org/pen/npo/d/repair-technician/6360996626.html,Program Director - SQ
https://sfbay.craigslist.org/eby/npo/d/bilingual-mental-health/6360986245.html,Staff Attorney
https://sfbay.craigslist.org/scz/npo/d/retail-sales-assistant/6360951331.html,Case Worker
https://sfbay.craigslist.org/eby/npo/d/you-can-make-difference-and/6360924334.html,Community Advocate (East Palo Alto)
https://sfbay.craigslist.org/sfc/npo/d/utilation-review-counselor/6360914613.html,Emergency Response Program (ERP) Specialist (Part-time)
https://sfbay.craigslist.org/nby/npo/d/bilingual-spanish-housing/6360888559.html,Director of Social Services/ Youth Leader
https://sfbay.craigslist.org/sfc/npo/d/attorney-the-trust-for-public/6360800190.html,Personal Assistant/Caregiver - **MULTIPLE POSITIONS AVAILABLE**
https://sfbay.craigslist.org/eby/npo/d/part-time-staff-attorney-or/6360736890.html,Mental Health Therapist (1524)
https://sfbay.craigslist.org/sfc/npo/d/job-coach-sf/6360729020.html,Behavioral Support Counselor - **MULTIPLE POSITIONS AVAILABLE**
https://sfbay.craigslist.org/eby/npo/d/job-coach-so/6360727996.html,End Homelessness - Join our team - General Manager
https://sfbay.craigslist.org/sby/npo/d/job-coach-gilroy-hollister/6360708879.html,SUD Therapist - 7 Challenges (1525)
https://sfbay.craigslist.org/eby/npo/d/program-manager/6360670905.html,Community Based Therapist
https://sfbay.craigslist.org/sfc/npo/d/work-for-amnesty/6360638425.html,Social Work Supervisor - Part Time
https://sfbay.craigslist.org/eby/npo/d/sleep-in-and-save-the-planet/6360631023.html,Part Time Clinical Supervisor -  **Benefit Eligible**
https://sfbay.craigslist.org/nby/npo/d/canine-resources-manager/6360604550.html,Canine Resources Manager - Guide Dogs for the Blind
https://sfbay.craigslist.org/eby/npo/d/member-services/6360601243.html,Case Manager I or II (Bilingual) @ Conard House
https://sfbay.craigslist.org/eby/npo/d/great-pt-job-while-kids-are/6360586585.html,Member Services Representative I (Teller)
https://sfbay.craigslist.org/sby/npo/d/mon-sun-caregiving-shifts/6360579070.html,Group Fitness Instructors
https://sfbay.craigslist.org/sfc/npo/d/sf-symphony-is-looking-for/6360545361.html,Great PT Job While Kids are in School! APPLY TODAY [Link]
https://sfbay.craigslist.org/sfc/npo/d/general-program-assistant/6360535281.html,Enrollment and Outreach Coordinator
https://sfbay.craigslist.org/sfc/npo/d/life-skills-coordinator-case/6360532794.html,*Mon-Sun Caregiving Shifts Open* | PT/FT | Open Interviews on Thursday
https://sfbay.craigslist.org/eby/npo/d/mental-health-assessment/6360523871.html,MH Clinician - Youth Outpatient
https://sfbay.craigslist.org/sby/npo/d/foodshare-driver-pt-or-ft/6360396669.html,SF Symphony is looking for Telemarketing Representative
https://sfbay.craigslist.org/sby/npo/d/on-call-as-needed-site/6360361280.html,Afterschool General Program Attendant (Teacher)
https://sfbay.craigslist.org/scz/npo/d/program-manager/6359756971.html,General Program Assistant
https://sfbay.craigslist.org/eby/npo/d/classroom-counselor-academic/6359740674.html,Life Skills Coordinator/Case Manager
https://sfbay.craigslist.org/nby/npo/d/program-coordinator-napa/6359705632.html,Life Skills Coordinator/Case Manager
https://sfbay.craigslist.org/nby/npo/d/behavior-tech-residential/6359699025.html,STAT Program Relief Counselor (weekday 7am-4pm availability)
https://sfbay.craigslist.org/sfc/npo/d/tides-project-accountant-ii/6359673443.html,Mental Health Assessment Center Site Manager
https://sfbay.craigslist.org/scz/npo/d/development-associate/6359598511.html,"Licensed Vocational Nurse, Fairfield"
https://sfbay.craigslist.org/eby/npo/d/executive-director-walnut/6359574369.html,FoodShare Driver (PT or FT)
https://sfbay.craigslist.org/sfc/npo/d/senior-research-associate/6359544434.html,Work Crew Site Supervisor (Oakland and Alameda County)
https://sfbay.craigslist.org/eby/npo/d/property-manager-affordable/6359534524.html,On Call / As Needed Site Supervisor - San Jose and Santa Clara
https://sfbay.craigslist.org/nby/npo/d/logistics-coordinator/6359524929.html,Work Crew Site Supervisor (San Jose and Santa Clara County)
https://sfbay.craigslist.org/eby/npo/d/adult-protective-services/6359476621.html,Program Manager
https://sfbay.craigslist.org/eby/npo/d/seeking-support-assistants/6359470027.html,Hip Hop For Change Is Looking For A Canvass Director!
https://sfbay.craigslist.org/eby/npo/d/love-humanitarian-work-cant/6359399750.html,Classroom Counselor - Academic and Mental Health Support for Youth!
https://sfbay.craigslist.org/eby/npo/d/housing-coordinator/6359379944.html,Executive Director at Cameron House
https://sfbay.craigslist.org/eby/npo/d/clinicians-work-with/6359371180.html,Program Coordinator - Napa County Bicycle Coalition
https://sfbay.craigslist.org/eby/npo/d/program-aide/6359347605.html,FT Maintenance Technician
https://sfbay.craigslist.org/eby/npo/d/counselor-mental-health-peer/6359342520.html,Behavior Tech/Residential Counselor
https://sfbay.craigslist.org/sby/npo/d/bicycle-specialist/6359308209.html,EMPLOYMENT COORDINATOR
https://sfbay.craigslist.org/eby/npo/d/be-job-coach-at-project-search/6359287345.html,Tides: Project Accountant II
https://sfbay.craigslist.org/nby/npo/d/winter-shelter-coordinators/6359238992.html,Turn staff into leaders. Inspire campers. Be a Program Director.
https://sfbay.craigslist.org/eby/npo/d/work-for-amnesty/6359196137.html,Development Associate
https://sfbay.craigslist.org/sfc/npo/d/tides-senior-strategic-advisor/6359187733.html,"COUNSELOR / CHILD CARE WORKER - AWAKE OVERNIGHT 3 DAYS, FULL-BENEFITS!"
https://sfbay.craigslist.org/eby/npo/d/hr-recruitment-specialist/6359174358.html,Executive Director - Walnut Creek Education Foundation
https://sfbay.craigslist.org/sfc/npo/d/v-techs-wanted/6359156771.html,â˜…Great Jobsâ˜…Great Causesâ˜…Great Experience! Avg $11-16/hr
https://sfbay.craigslist.org/sfc/npo/d/staff-accountant/6359149074.html,Senior Research Associate Position
https://sfbay.craigslist.org/pen/npo/d/program-manager-your-house/6359131154.html,Job Coach for Adults with Developmental Disabilities in Alameda County
https://sfbay.craigslist.org/pen/npo/d/grant-writer-development/6359085565.html,Property Manager - Affordable Housing
https://sfbay.craigslist.org/pen/npo/d/clinical-supervisor/6359056784.html,Seeking a Bi-Lingual Operations and Program Support Assistant
https://sfbay.craigslist.org/nby/npo/d/ymca-night-maintenance/6359050673.html,Logistics Coordinator
https://sfbay.craigslist.org/pen/npo/d/programa-para-latinos-educator/6359047474.html,Kid's Turn Intern (unpaid)
https://sfbay.craigslist.org/nby/npo/d/housing-navigator/6358992464.html,Adult Protective Services Worker II
https://sfbay.craigslist.org/eby/npo/d/director-of-social-services/6358822612.html,$100 HOLIDAY Bonus! - Home Support Specialist-Flexible Hours
https://sfbay.craigslist.org/sfc/npo/d/director-of-case-management/6358550572.html,Seeking Support Assistants!
https://sfbay.craigslist.org/eby/npo/d/employment-specialist-for/6358444104.html,Managing Director (2017-144)
https://sfbay.craigslist.org/sfc/npo/d/case-manager-domestic/6358335822.html,LOVE HUMANITARIAN WORK? CAN'T GO ABROAD? WORK HERE THIS FALL!
https://sfbay.craigslist.org/sfc/npo/d/sr-case-manager-domestic/6358333036.html,Counselor - Progress Sonoma (Santa Rosa)
https://sfbay.craigslist.org/nby/npo/d/awake-overnight-counselor/6358323832.html,Housing Coordinator
https://sfbay.craigslist.org/eby/npo/d/clinician-intensive-treatment/6358302397.html,Master Level Clinicians - Work with Underserved Communities
https://sfbay.craigslist.org/eby/npo/d/classroom-counselor-childrens/6358296878.html,Clinicians - Work with Underserved Communities
https://sfbay.craigslist.org/sfc/npo/d/bilingual-child-care-resource/6358258344.html,P/T Case Manager
https://sfbay.craigslist.org/sfc/npo/d/desk-clerk-ambassador/6358232161.html,Program Aide
https://sfbay.craigslist.org/pen/npo/d/sr-community-manager-region-2/6358223484.html,Residential Counselor - Full Time and On-Call Positions
https://sfbay.craigslist.org/pen/npo/d/community-manager-region-2/6358222686.html,Counselor - Mental Health Peer - Field Based
https://sfbay.craigslist.org/eby/npo/d/bilingual-ll-coord-assistive/6358208838.html,Recruiting now for UCSF Focus Group - Support Substance Use Research
https://sfbay.craigslist.org/eby/npo/d/community-organizer-dan/6358207925.html,Bicycle Specialist
https://sfbay.craigslist.org/sfc/npo/d/12-education-program-manager/6358180527.html,Work w/adults with disabilities at our community-based day program!
https://sfbay.craigslist.org/sfc/npo/d/program-director-central-city/6358126938.html,Be a Job Coach at PROJECT SEARCH!
https://sfbay.craigslist.org/nby/npo/d/assistant-director-parker/6358070813.html,Donor Stewardship & Events Coordinator (Peninsula Open Space Trust)
https://sfbay.craigslist.org/eby/npo/d/milieu-specialist/6358035051.html,Winter Shelter Coordinators *Multiple Opportunities!* (#NCSSM101617)
https://sfbay.craigslist.org/eby/npo/d/after-school-academy-site/6357988713.html,* ðŸ•¯ WORK for AMNESTY INTERNATIONAL! ðŸ•¯ * (Oakland)
https://sfbay.craigslist.org/sfc/npo/d/addiction-recovery/6357972153.html,Addiction Recovery Residential Counselor
https://sfbay.craigslist.org/eby/npo/d/consulting-psychiatric-nurse/6357927629.html,Intake Clinician
https://sfbay.craigslist.org/eby/npo/d/employment-specialist/6357897192.html,Consulting Psychiatric Nurse Practitioner
https://sfbay.craigslist.org/eby/npo/d/program-manager-for/6357879425.html,Truck Driver
https://sfbay.craigslist.org/eby/npo/d/wellness-specialist-multiple/6357878029.html,Employment Specialist (#HWES102017)
https://sfbay.craigslist.org/eby/npo/d/youth-service-coordinator/6357875807.html,Program Director of RAMS CAAP Counseling & Vocational program
https://sfbay.craigslist.org/nby/npo/d/geriatric-care-manager/6357871963.html,Program Manager for Coordinated Entry (Job# HWCEPM9117)
https://sfbay.craigslist.org/nby/npo/d/ambassador-program-manager/6357807920.html,Program Manager -Health and Wellness Job#: HWAC07311701
https://sfbay.craigslist.org/sfc/npo/d/northern-california-area/6357775844.html,Wellness Specialist *Multiple Opportunities* Job#HW06071701
https://sfbay.craigslist.org/sfc/npo/d/employment-specialist-position/6357752400.html,Intake Coordinator (Youth) Job# HWAC0922171
https://sfbay.craigslist.org/sfc/npo/d/residential-counselor-union/6357747978.html,Youth Service Coordinator Job#HWAC0922172
https://sfbay.craigslist.org/sfc/npo/d/1200-bonus-marriage-family/6357738320.html,Consulting Psychiatric Nurse Practitioner
https://sfbay.craigslist.org/sfc/npo/d/psychiatric-respite/6357733700.html,Geriatric Care Manager
https://sfbay.craigslist.org/sfc/npo/d/lcsw-or-lmft-project/6357732015.html,Rental Accounts Specialist
https://sfbay.craigslist.org/eby/npo/d/passionate-sustainability/6357714835.html,Ambassador Program Manager Animal Care Wildlife Rehab WildCare
https://sfbay.craigslist.org/eby/npo/d/clinical-program-manager/6357710246.html,"FT OUTREACH, Great Benefits, Interview Nov 3"
https://sfbay.craigslist.org/eby/npo/d/ilsp-specialist/6357702748.html,Northern California Area Director
https://sfbay.craigslist.org/sfc/npo/d/major-gifts-officer-at-sf/6357698873.html,Bilingual (Spanish) Child Care Provider Support/Coach ECE
https://sfbay.craigslist.org/sfc/npo/d/case-manager-family-housing/6357693928.html,EMPLOYMENT SPECIALIST POSITION
https://sfbay.craigslist.org/sfc/npo/d/work-for-amnesty/6357675203.html,Assessment and Outreach Specialist
https://sfbay.craigslist.org/sfc/npo/d/marketing-volunteer/6357656673.html,"Residential Counselor - (Union position, F/T, Day and Swing Shifts)"
https://sfbay.craigslist.org/sfc/npo/d/case-manager-2018-f/6357652730.html,"REGISTERED ALCOHOL / DRUG COUNSELORS (F/T, Day and Swing)"
https://sfbay.craigslist.org/nby/npo/d/personal-attendant/6357629616.html,"$1200 BONUS! Marriage Family Therapist Intern,  (F/T, Day and Swing)"
https://sfbay.craigslist.org/eby/npo/d/great-pt-job-while-kids-are/6357564348.html,"$1200 BONUS! CERTIFIED SUBSTANCE USE COUNSELORS (F/T, Day & Swing)"
https://sfbay.craigslist.org/sfc/npo/d/fundraise-with-two-incredible/6357515400.html,"Psychiatric Respite Residential Counselors-(Union, F/T - All shifts)"
https://sfbay.craigslist.org/sby/npo/d/work-with-greenpeace-to-save/6357370314.html,Program Director - San Jose Place
https://sfbay.craigslist.org/nby/npo/d/11-day-program-support-for/6357115492.html,LCSW or LMFT Project Director(Adult Supported/Independent Living Coop)
https://sfbay.craigslist.org/nby/npo/d/2-days-fulltime-with-benefits/6357108520.html,"Project Director, SUD Detoxification Program"
https://sfbay.craigslist.org/pen/npo/d/part-time-administrative/6356810798.html,ðŸŒŽPASSIONATE SUSTAINABILITY ADVOCATES WANTED! ($14-$16/hr)
https://sfbay.craigslist.org/nby/npo/d/part-time-animal-care/6356686889.html,Nutrition Education Contractor- Bilingual Spanish or Cantonese/English
https://sfbay.craigslist.org/eby/npo/d/interns-needed/6356267655.html,Clinical Program Manager-Contra Costa County
https://sfbay.craigslist.org/nby/npo/d/mental-health-rehabilitation/6355344338.html,Sr Program Manager - ILSP
https://sfbay.craigslist.org/pen/npo/d/program-managers-for-adult/6354557376.html,ILSP Specialist
https://sfbay.craigslist.org/nby/npo/d/mental-health-counselor-short/6354468353.html,Social Worker-Youth Advocate (Solano County)
https://sfbay.craigslist.org/eby/npo/d/housing-coordinator/6354463262.html,Major Gifts Officer at SF-Marin Food Bank
https://sfbay.craigslist.org/eby/npo/d/counselor-mental-health-peer/6354458947.html,Start at $16.95 per hour Supporting Adults with Disabilities!
https://sfbay.craigslist.org/eby/npo/d/realignment-housing-specialist/6354443535.html,Case Manager - Family Housing
https://sfbay.craigslist.org/nby/npo/d/rewarding-part-time-job/6354417943.html,DO SOMETHING THAT MATTERS: ADVANCE CIVIL RIGHTS WITH THE ACLU!
https://sfbay.craigslist.org/sfc/npo/d/bilingual-case-manager/6354404165.html,* ðŸ•¯ WORK for AMNESTY INTERNATIONAL! ðŸ•¯ * (Oakland)
https://sfbay.craigslist.org/sfc/npo/d/associate-director-of/6354400266.html,* ðŸ•¯ WORK for AMNESTY INTERNATIONAL! ðŸ•¯ * (Oakland)
https://sfbay.craigslist.org/sby/npo/d/case-manager-lgbtq-services/6354366916.html,"Marketing, Volunteer Management, Fundraising"
https://sfbay.craigslist.org/scz/npo/d/case-manager/6354340650.html,Build a team of activists to reclaim our democracy! Earn up to $640/we
https://sfbay.craigslist.org/sfc/npo/d/legal-assistant-position-at/6354333966.html,Case Manager ($20.18 M-F)
https://sfbay.craigslist.org/eby/npo/d/job-coach/6354288340.html,*Mon-Sun Caregiving Shifts Open* | PT/FT | Open Interviews on Thursday
https://sfbay.craigslist.org/scz/npo/d/case-manager-champ/6354285064.html,Personal Attendant
https://sfbay.craigslist.org/eby/npo/d/job-coach/6354281082.html,MRI - Clinic Coordinator Position
https://sfbay.craigslist.org/sby/npo/d/cif-direct-support-staff/6354268912.html,Great PT Job While Kids are in School! APPLY TODAY [Link]
https://sfbay.craigslist.org/nby/npo/d/case-manager-msw-ma-ms/6354251999.html,EXPERIENCED CAREGIVERS (PA/SM)
https://sfbay.craigslist.org/eby/npo/d/cif-direct-support-staff/6354244084.html,"Fundraise With Two Incredible Charities! Hourly plus bonuses, Benefits"
https://sfbay.craigslist.org/sfc/npo/d/jobs-in-domestic-violence-in/6354233879.html,Case Manager (Transitional Housing)
https://sfbay.craigslist.org/eby/npo/d/cif-direct-support-staff/6354227304.html,**WORK WITH GREENPEACE TO SAVE THE WHALES**
https://sfbay.craigslist.org/eby/npo/d/cif-direct-support-staff/6354210046.html,**WORK WITH GREENPEACE TO SAVE THE WHALES**
https://sfbay.craigslist.org/pen/npo/d/live-in-resident-manager/6354196951.html,1:1 day program support for adult with intellectual disabilities.
https://sfbay.craigslist.org/eby/npo/d/program-director/6354171921.html,HEALTH CARE COORDINATOR
https://sfbay.craigslist.org/eby/npo/d/quality-counts-rating-manager/6354069278.html,"2 days fulltime with benefits, Residential Relief Manager Support/Care"
https://sfbay.craigslist.org/pen/npo/d/administrative-assistant/6353990813.html,Seeking a purpose? Caregiver for adults with intellectual disability.
https://sfbay.craigslist.org/eby/npo/d/full-time-program-aide-adults/6353940627.html,Part-Time Administrative Assistant
https://sfbay.craigslist.org/eby/npo/d/ils-parent-trainers-alameda/6353921159.html,Full time Volunteer/Events Coordinator needed for cat rescue
https://sfbay.craigslist.org/sfc/npo/d/work-for-amnesty/6353902782.html,Part-Time Animal Care Specialist
https://sfbay.craigslist.org/sfc/npo/d/one-stop-center-resource/6353895890.html,Part-Time Animal Support Team Member
https://sfbay.craigslist.org/sfc/npo/d/social-worker-cantonese/6353843558.html,"Social Worker , Cantonese"
https://sfbay.craigslist.org/sfc/npo/d/fundraise-with-two-incredible/6353803046.html,"Young Community Developers, Inc. Case Manager / Education and Employme"
https://sfbay.craigslist.org/sfc/npo/d/family-support-coordinator/6353771915.html,"Fundraise With Two Incredible Charities! Hourly plus bonuses, Benefits"
https://sfbay.craigslist.org/sfc/npo/d/bi-lingual-case-manager/6353758796.html,Case Manager - Job Training Opportunity Program (JTOP)
https://sfbay.craigslist.org/eby/npo/d/get-paid-to-have-fun-and-help/6353756252.html,Family Support Coordinator
https://sfbay.craigslist.org/sby/npo/d/direct-care-staff-on-call-and/6353235968.html,Awake Overnight Staff
https://sfbay.craigslist.org/sfc/npo/d/transition-age-youth/6353119325.html,Bi-Lingual Case Manager
https://sfbay.craigslist.org/sfc/npo/d/propel-program-coordinator/6353110860.html,Relief Registered Veterinary Technician - Guide Dogs for the Blind
https://sfbay.craigslist.org/sfc/npo/d/vice-president-director-of/6352988033.html,Get Paid to Have Fun and Help Others!!!
https://sfbay.craigslist.org/sby/npo/d/case-manager-hiv-services/6352834214.html,Site Manager
https://sfbay.craigslist.org/sfc/npo/d/marketing-communications/6352790714.html,Direct care staff -on call and awake night
https://sfbay.craigslist.org/eby/npo/d/case-manager-bi-lingual/6352783879.html,Science and Policy Associate - Green Science Policy Institute
https://sfbay.craigslist.org/nby/npo/d/case-manager-disaster/6352773132.html,Transition Age Youth Clinician - Support youth in a wraparound program
https://sfbay.craigslist.org/sfc/npo/d/case-manager-supervisor/6352694741.html,Bilingual Child and Family Clinician: Community Based Service
https://sfbay.craigslist.org/sfc/npo/d/supervising-counselor-fotep-ti/6352692828.html,PROPEL Program Coordinator (Full-Time)
https://sfbay.craigslist.org/sfc/npo/d/child-care-assistant/6352691252.html,Substance Abuse Counselor - intensive outpatient
https://sfbay.craigslist.org/eby/npo/d/housing-manager/6352658206.html,Vice President/Director of Learning & Development
https://sfbay.craigslist.org/eby/npo/d/housing-coordinator/6352628597.html,Instructor
https://sfbay.craigslist.org/sfc/npo/d/work-for-amnesty/6352606770.html,Case Manager - HIV Services
https://sfbay.craigslist.org/eby/npo/d/counselor-mental-health-peer/6352602547.html,Administrative Assistant
https://sfbay.craigslist.org/scz/npo/d/crisis-counselor/6352520660.html,Marketing Communications Manager
https://sfbay.craigslist.org/pen/npo/d/new-caregiving-shifts-in-palo/6352352312.html,Marketing Communications Manager
https://sfbay.craigslist.org/sby/npo/d/mon-sun-caregiving-shifts/6352347173.html,Case Manager (Bi-Lingual)
https://sfbay.craigslist.org/nby/npo/d/mental-health-care-manager/6352005640.html,Registered Veterinary Technician Full Time and Part Time
https://sfbay.craigslist.org/sfc/npo/d/v-techs-wanted/6351863236.html,"Case Manager, Disaster Recovery Sonoma Co. Regional Office (Temporary)"
https://sfbay.craigslist.org/eby/npo/d/administrative-assistant/6351807211.html,Case Manager Supervisor
https://sfbay.craigslist.org/pen/npo/d/spanish-mental-health/6351774556.html,Case Manager Supervisor
https://sfbay.craigslist.org/sby/npo/d/development-operations-manager/6351760071.html,Weekend Coordinator - FOTEP
https://sfbay.craigslist.org/sby/npo/d/case-manager-dic-respite/6351741708.html,Supervising Counselor - FOTEP TI
https://sfbay.craigslist.org/eby/npo/d/community-advocate-connector/6351702640.html,Overnight Monitor (Temporary) - FOTEP TI
https://sfbay.craigslist.org/sby/npo/d/licensed-psychiatric/6351688474.html,Child Care Assistant
https://sfbay.craigslist.org/sby/npo/d/psychiatrist-on-call-per-diem/6351682771.html,Coordinated Entry for Singles and Housing Retention Manager
https://sfbay.craigslist.org/pen/npo/d/clinician-ii-fsp-residential/6351679900.html,Housing Manager
https://sfbay.craigslist.org/sby/npo/d/licensed-psychiatric/6351670418.html,Residential Counselor - Full Time and On-Call Positions
https://sfbay.craigslist.org/sby/npo/d/assistant-program-manager-new/6351665797.html,Housing Coordinator
https://sfbay.craigslist.org/eby/npo/d/warming-center-monitor-public/6351620263.html,Leadership Program Manager
https://sfbay.craigslist.org/sfc/npo/d/outpatient-therapist/6351604108.html,* ðŸ•¯ WORK for AMNESTY INTERNATIONAL! ðŸ•¯ * (Oakland)
https://sfbay.craigslist.org/sfc/npo/d/counselor-crisis-and-seniors/6351568043.html,* ðŸ•¯ WORK for AMNESTY INTERNATIONAL! ðŸ•¯ * (Oakland)
https://sfbay.craigslist.org/nby/npo/d/lgbtq-program-manager-part/6351508934.html,Counselor - Mental Health Peer - Field Based
https://sfbay.craigslist.org/sfc/npo/d/staff-attorney-ssi-advocacy/6351492678.html,Adults with Disabilities in Santa Clara need Your Talent!
https://sfbay.craigslist.org/sfc/npo/d/technical-director-part-time/6351480851.html,Crisis Counselor
https://sfbay.craigslist.org/eby/npo/d/work-for-amnesty/6351393551.html,Case Manager - Roads to Recovery
https://sfbay.craigslist.org/nby/npo/d/social-services-case-manager/6351380984.html,"New Caregiving Shifts in Palo Alto! [Health Ins., Bonus, & Raises]"
https://sfbay.craigslist.org/eby/npo/d/job-coach-for-adults-with/6351363163.html,Hiring 48hr Shift in San Jose [PAID TO SLEEP] + Benefits
https://sfbay.craigslist.org/sfc/npo/d/marketing-development/6351328508.html,*Mon-Sun Caregiving Shifts Open* | PT/FT | Competitive Pay + Benefits
https://sfbay.craigslist.org/eby/npo/d/counselor-mental-health-peer/6351292514.html,Bookstore and Retail Manager - Point Reyes National Seashore
https://sfbay.craigslist.org/eby/npo/d/protect-where-you-play-hiring/6351272292.html,Mental Health Care Manager - Relief/On Call
https://sfbay.craigslist.org/scz/npo/d/get-job-that-mattersearn-up/6351258064.html,Program Director for High School Cultural Exchange
https://sfbay.craigslist.org/eby/npo/d/promote-peace-and-diplomacy/6351200705.html,A/V Techs Wanted
https://sfbay.craigslist.org/eby/npo/d/on-call-mental-health/6351149560.html,Office Admin/ Phone Order taker
https://sfbay.craigslist.org/sby/npo/d/work-with-greenpeace-to-save/6350931698.html,Administrative Assistant: Seneca Institute for Advanced Practice
https://sfbay.craigslist.org/eby/npo/d/counselor-mental-health-peer/6350458188.html,Part-Time Crisis Clinician - Support and stabilize youth!
https://sfbay.craigslist.org/eby/npo/d/full-time-human-resources/6350435588.html,Spanish Mental Health Interpreter - Healthy Homes (Bilingual Spanish)
https://sfbay.craigslist.org/nby/npo/d/awake-overnight-counselor/6350398864.html,Full-Time Licensed or Licensed Eligible Mental Health Clinical (El Sob
https://sfbay.craigslist.org/eby/npo/d/classroom-counselor-childrens/6350393613.html,Development Operations Manager
https://sfbay.craigslist.org/sfc/npo/d/development-officer/6350373167.html,Family Partner- Bilingual Spanish - Healthy homes
https://sfbay.craigslist.org/sby/npo/d/harm-reduction-specialist/6350366550.html,Case Manager - DIC Respite Program
https://sfbay.craigslist.org/pen/npo/d/clinical-director-adolescent/6350354536.html,Nonprofit Program Manager
https://sfbay.craigslist.org/pen/npo/d/worship-leader-sunday-morning/6350348153.html,Community Advocate / Connector IV.5
https://sfbay.craigslist.org/sfc/npo/d/now-hiring-case-worker-for/6350343539.html,Float Clinician II - License Required -Out Patient Programs
https://sfbay.craigslist.org/eby/npo/d/position-announcement-youth/6350317068.html,Position Announcement: Youth Mentor
https://sfbay.craigslist.org/sfc/npo/d/employment-consultant-for/6350308850.html,Occupancy & Compliance Manager
https://sfbay.craigslist.org/sfc/npo/d/vocational-rehabilitation/6350308029.html,Employment Consultant for Vocational Services program
https://sfbay.craigslist.org/sfc/npo/d/mental-health-counselor/6350307073.html,Behavioral Health Consultant/Counselor
https://sfbay.craigslist.org/pen/npo/d/landscape-supervisor/6350279459.html,Vocational Rehabilitation Counselor
https://sfbay.craigslist.org/eby/npo/d/mental-health-clinicians-for/6350272083.html,Vocational Rehabilitation Counselor (training/sheltered workshop)
https://sfbay.craigslist.org/pen/npo/d/phs-spca-facilities/6350252442.html,Mental Health Counselor
https://sfbay.craigslist.org/nby/npo/d/winter-shelter-coordinators/6350220923.html,Marketing Assistant Paid Internship
https://sfbay.craigslist.org/eby/npo/d/clinicians-master-level/6350210203.html,Landscape Supervisor
https://sfbay.craigslist.org/eby/npo/d/residential-counselor-full/6350204499.html,JOB OPPORTUNITIES
https://sfbay.craigslist.org/scz/npo/d/administrative-coordinator/6350170204.html,Mental Health Clinicians for Outpatient Program (multiple openings)
https://sfbay.craigslist.org/eby/npo/d/donations-coordinator/6350146481.html,Clinical Supervisor - Transition Aged Youth Services and Outpatient
https://sfbay.craigslist.org/eby/npo/d/shelter-advocate/6350103026.html,PHS/SPCA Facilities Maintenance Manager
https://sfbay.craigslist.org/eby/npo/d/paraprofessional-after-school/6350041547.html,Now hiring at CounterPulse! Help support radical community arts.
https://sfbay.craigslist.org/sfc/npo/d/campaign-jobs-on-behalf-of/6350028701.html,Winter Shelter Coordinators *Multiple Opportunities!* (#NCSSM101617)
https://sfbay.craigslist.org/sfc/npo/d/work-for-amnesty/6349943254.html,Clinicians - Work with Underserved Communities
https://sfbay.craigslist.org/sfc/npo/d/clinical-studies-recruiter/6349884778.html,Clinicians - Master Level
https://sfbay.craigslist.org/sfc/npo/d/program-manager/6349862518.html,Housing Coordinator
https://sfbay.craigslist.org/pen/npo/d/mental-health-clinician/6349839895.html,Residential Counselor - Full Time and On-Call Positions
https://sfbay.craigslist.org/sfc/npo/d/new-door-ventures-marketing/6349787856.html,Counselor - Mental Health Peer - Field Based
https://sfbay.craigslist.org/nby/npo/d/development-patron-services/6349121410.html,Administrative Coordinator
https://sfbay.craigslist.org/eby/npo/d/program-assistant/6349056520.html,Housing Stabilization Case Manager
https://sfbay.craigslist.org/sfc/npo/d/patient-navigator/6349050603.html,DONATIONS COORDINATOR
https://sfbay.craigslist.org/sfc/npo/d/bilingual-linkage-clinician/6349027731.html,VICTIM ADVOCATE
https://sfbay.craigslist.org/eby/npo/d/bilingual-classroom-therapist/6349023052.html,SHELTER ADVOCATE
https://sfbay.craigslist.org/sfc/npo/d/relocation-specialist/6349020229.html,Paraprofessional (After-school program aide) wanted
https://sfbay.craigslist.org/eby/npo/d/work-with-adults-with/6348975601.html,Paraprofessional (After-school program aide) wanted
https://sfbay.craigslist.org/eby/npo/d/development-assistant-for-the/6348968850.html,Paraprofessional (After-school program aide) wanted
https://sfbay.craigslist.org/sfc/npo/d/staff-accountant/6348950427.html,CAMPAIGN JOBS ON BEHALF OF DOCTORS WITHOUT BORDERS -$13-$17/hour
https://sfbay.craigslist.org/sfc/npo/d/peer-leader-advisor/6348940972.html,Network Engineer/Consultant
https://sfbay.craigslist.org/sfc/npo/d/program-director-galileo-best/6348919880.html,* ðŸ•¯ WORK for AMNESTY INTERNATIONAL! ðŸ•¯ * (Oakland)
https://sfbay.craigslist.org/sby/npo/d/property-management-job-fair/6348864449.html,* ðŸ•¯ WORK for AMNESTY INTERNATIONAL! ðŸ•¯ * (Oakland)
https://sfbay.craigslist.org/pen/npo/d/prevention-project-coordinator/6348772259.html,"Clinical Studies Recruiter, Bridge HIV"
https://sfbay.craigslist.org/eby/npo/d/property-manager/6348733499.html,Research Manager
https://sfbay.craigslist.org/eby/npo/d/bilingual-outreach-worker/6348630271.html,Program Manager
https://sfbay.craigslist.org/sfc/npo/d/clinical-social-worker/6348619010.html,Team Lead for our School based program
https://sfbay.craigslist.org/eby/npo/d/ilsp-specialist/6348597356.html,Mental Health Clinician - Counseling Center- Bilingual Spanish
https://sfbay.craigslist.org/eby/npo/d/clinical-program-manager/6348594868.html,F/T & P/T CAMPAIGN JOBSâ˜…REIN IN WALL STREETâ˜…Earn Avg $1760-2560/
https://sfbay.craigslist.org/sfc/npo/d/sr-program-manager-ilsp/6348593191.html,New Door Ventures - Marketing and Community Relations Coordinator
https://sfbay.craigslist.org/eby/npo/d/clinical-program-manager/6348590333.html,Independent Living Skills Instructor
https://sfbay.craigslist.org/eby/npo/d/protect-the-constitution-work/6348547420.html,Development - Patron Services Manager - Festival Napa Valley
https://sfbay.craigslist.org/nby/npo/d/warehouse-assistant-food-bank/6348536106.html,DEVELOPMENT ASSOCIATE
https://sfbay.craigslist.org/eby/npo/d/get-your-feet-wet-in-the/6348520194.html,Program Assistant
https://sfbay.craigslist.org/sfc/npo/d/award-winning-nonprofit-seeks/6348464733.html,Part-time Accounting Clerk
https://sfbay.craigslist.org/eby/npo/d/groundswell-fund-is-hiring/6348444470.html,Patient Navigator
https://sfbay.craigslist.org/eby/npo/d/in-the-face-of-fear-stand-for/6348419962.html,Residential Counselor
https://sfbay.craigslist.org/sfc/npo/d/residential-counselor-union/6348418078.html,Bilingual Linkage Clinician - Support Youth in Juvenile Justice!
https://sfbay.craigslist.org/eby/npo/d/senior-business-development/6348415800.html,Part-Time Crisis Clinician - Support and stabilize youth!
https://sfbay.craigslist.org/sfc/npo/d/1200-bonus-certified/6348414943.html,Bilingual Classroom Therapist - Children's Therapeutic Preschool
https://sfbay.craigslist.org/sfc/npo/d/program-director-san-jose/6348413284.html,"Maintenance Worker--GREAT BENEFITS, FULL TIME!"
https://sfbay.craigslist.org/eby/npo/d/childrens-program-coordinator/6348405602.html,Relocation Specialist (Temporary)
https://sfbay.craigslist.org/nby/npo/d/childrens-program-coordinator/6348403613.html,After School Program Teacher - Concord
https://sfbay.craigslist.org/sby/npo/d/mon-sun-caregiving-shifts/6348332676.html,"Work with Adults with Disabilities, M-F Daytime (Concord)"
https://sfbay.craigslist.org/nby/npo/d/part-time-support-staff-needed/6348284786.html,"Work with Adults with Disabilities, M-F Daytime (Richmond)"
https://sfbay.craigslist.org/sby/npo/d/community-organizer-east-palo/6347718285.html,Development Assistant for the Contra Costa College Foundation
https://sfbay.craigslist.org/sby/npo/d/well-pay-you-to-be-housemate/6347617031.html,Maintenance Worker - Men's Residential
https://sfbay.craigslist.org/scz/npo/d/campaign-jobs-protect/6347279141.html,Staff Accountant
https://sfbay.craigslist.org/nby/npo/d/health-care-coordinator/6347109548.html,HIRING & RETENTION INCENTIVE FOR BILINGUAL SPANISH CLINICIANS
https://sfbay.craigslist.org/eby/npo/d/work-for-amnesty/6347089652.html,Peer Leader Advisor
https://sfbay.craigslist.org/eby/npo/d/counselor/6346705357.html,Non-Profit Development Associate
https://sfbay.craigslist.org/sfc/npo/d/shelter-program-on-call/6346609361.html,Shelter Program - On-Call Residential Counselor
https://sfbay.craigslist.org/sfc/npo/d/director-of-development/6346607871.html,Transitional Housing - On-Call Residential Counselor
https://sfbay.craigslist.org/scz/npo/d/be-the-changestart-career-in/6346013674.html,Director of Development
https://sfbay.craigslist.org/sfc/npo/d/seeking-bi-lingual-operations/6345262958.html,Housing Retention Specialist - Heading Home
https://sfbay.craigslist.org/sfc/npo/d/maintenance-lead/6345230447.html,Be the changeâœ¦Start a career in activismâœ¦Earn avg of $450-650/wk
https://sfbay.craigslist.org/sfc/npo/d/assistant-manager-broadway/6345204836.html,PT Weekend Admissions Supervisor / Administrative Assistant
https://sfbay.craigslist.org/eby/npo/d/program-aide/6345195582.html,Seeking a Bi-Lingual Operations and Program Support Assistant
https://sfbay.craigslist.org/eby/npo/d/residential-counselor-full/6345192978.html,Home Training Specialist Needed for Rapidly Growing Agency
https://sfbay.craigslist.org/eby/npo/d/housing-services-coordinator/6345189282.html,Maintenance Lead
https://sfbay.craigslist.org/eby/npo/d/housing-compliance-specialist/6345185741.html,Senior HR Generalist
https://sfbay.craigslist.org/eby/npo/d/be-job-coach-at-project-search/6345146642.html,Assistant Manager (Broadway Sansome)
https://sfbay.craigslist.org/sfc/npo/d/tides-human-resources-manager/6345141810.html,Youth Services Coordinator (Tenderloin Family Housing)
https://sfbay.craigslist.org/eby/npo/d/associate-development/6345140747.html,Program Aide
https://sfbay.craigslist.org/eby/npo/d/billing-specialist-non-profit/6345130997.html,Resident Services Coordinator (Russian Language Capacity)
https://sfbay.craigslist.org/nby/npo/d/esl-coordinator-full-time/6345108234.html,Residential Counselor - Full Time and On-Call Positions
https://sfbay.craigslist.org/eby/npo/d/program-assistant/6345094005.html,Mental Health Peer - Field Based
https://sfbay.craigslist.org/sfc/npo/d/basic-skills-specialist/6345058865.html,Housing Services Coordinator (Job# SCCCWSC101317)
https://sfbay.craigslist.org/pen/npo/d/advancement-development/6345047317.html,Outreach Team Coordinator Job#NOC082417
https://sfbay.craigslist.org/sfc/npo/d/integrated-health-analyst/6345040461.html,Housing Compliance Specialist (Job# SCCMRE0816171)
https://sfbay.craigslist.org/sfc/npo/d/integrated-health-analyst/6345032417.html,Employment Specialist
https://sfbay.craigslist.org/pen/npo/d/supervising-social-worker/6345030197.html,Be a Job Coach at PROJECT SEARCH!
https://sfbay.craigslist.org/pen/npo/d/board-certified-behavior/6345028833.html,Full-Time Clinician | Non-Profit Seeking Mental Health Therapist
https://sfbay.craigslist.org/sfc/npo/d/seeking-bi-lingual-epsdt/6345017029.html,Tides: Human Resources Manager
https://sfbay.craigslist.org/sfc/npo/d/seeking-bi-lingual-clinician/6344985619.html,Clinical Coordinator/Clinical Supervisor
https://sfbay.craigslist.org/sby/npo/d/program-assistant-human/6344936177.html,"Associate Development Director, Institutional Giving"
https://sfbay.craigslist.org/nby/npo/d/domestic-violence-advocate/6344925618.html,Bilingual Clinician | Non-Profit Seeks Spanish-Speaking Therapist
https://sfbay.craigslist.org/nby/npo/d/fund-development-and/6344923327.html,Billing Specialist | Non-Profit Seeking QA Analyst
https://sfbay.craigslist.org/sby/npo/d/director-of-development/6344886414.html,Community Resource Specialist (Bilingual Highly Preferred)
https://sfbay.craigslist.org/eby/npo/d/field-staff-needed-for-new/6344873974.html,"ESL Coordinator, Full Time"
https://sfbay.craigslist.org/sfc/npo/d/masters-swimming-coach/6344864195.html,Program Supervisor II
https://sfbay.craigslist.org/sby/npo/d/residential-counselor/6344825310.html,Program Assistant
https://sfbay.craigslist.org/sby/npo/d/program-manager-young-adult/6344823801.html,Family Support Specialist (On-Call)
https://sfbay.craigslist.org/sfc/npo/d/case-manager-iii-full-time/6344819239.html,Basic Skills Specialist
https://sfbay.craigslist.org/pen/npo/d/executive-director/6344802864.html,Events and Stewardship Director
https://sfbay.craigslist.org/eby/npo/d/social-worker-ii/6344782727.html,Advancement/Development Services Associate
https://sfbay.craigslist.org/sfc/npo/d/senior-staff-attorney-clinic/6344775341.html,Family Constultant (Full time/ Bilingual)
https://sfbay.craigslist.org/pen/npo/d/case-manager/6344761705.html,Integrated Health Analyst
https://sfbay.craigslist.org/eby/npo/d/work-for-amnesty/6344754717.html,Case Manager
https://sfbay.craigslist.org/pen/npo/d/case-manager/6344739768.html,Integrated Health Analyst/Data Manager
https://sfbay.craigslist.org/pen/npo/d/cif-direct-support-staff/6344721503.html,Community Program Developer
https://sfbay.craigslist.org/sfc/npo/d/sales-events-supervisor/6344656292.html,Supervising Social Worker
https://sfbay.craigslist.org/scz/npo/d/part-time-dishwasher/6344496017.html,Supervising Social Worker - Early Start
https://sfbay.craigslist.org/eby/npo/d/job-coach-aides-human-services/6344486433.html,Board Certified Behavior Analyst
https://sfbay.craigslist.org/sfc/npo/d/recovery-counselor/6344476081.html,FULL-TIME STAFF ATTORNEY: IMMIGRANTS' RIGHTS
https://sfbay.craigslist.org/eby/npo/d/become-an-activist-get-paid/6344110490.html,Seeking a Bi-Lingual EPSDT Manager and Clinician
https://sfbay.craigslist.org/sfc/npo/d/project-director-sud/6343963673.html,Seeking a  Bi-Lingual Clinical Care Coordinator
https://sfbay.craigslist.org/eby/npo/d/residential-counselor-full/6343929664.html,Seeking a Bi-Lingual Clinician
https://sfbay.craigslist.org/eby/npo/d/housing-coordinator/6343926370.html,Community Program Specialist
https://sfbay.craigslist.org/eby/npo/d/master-level-clinicians-work/6343919711.html,Program Assistant - Human Services
https://sfbay.craigslist.org/sfc/npo/d/case-aide-data-entry/6343883891.html,Job Coach - Human Services
https://sfbay.craigslist.org/eby/npo/d/mental-health-workers/6343865925.html,Domestic Violence Advocate (Shelter) Bilingual (Spanish)
https://sfbay.craigslist.org/eby/npo/d/political-director/6343840581.html,Legal Systems Advocate
https://sfbay.craigslist.org/sby/npo/d/facilities-technician-san/6343801773.html,Fund Development and Community Relations Assistant
https://sfbay.craigslist.org/sby/npo/d/care-coordinator/6343797156.html,Fitness Instructor
https://sfbay.craigslist.org/sfc/npo/d/buchanan-ymca-hiring-for/6343736700.html,Director of Development
https://sfbay.craigslist.org/sfc/npo/d/community-outreach-worker/6343733048.html,Administrative Assistant
https://sfbay.craigslist.org/nby/npo/d/evaluation-coordinator/6343707839.html,â˜†FIELD STAFF NEEDED FOR NEW HUMANITARIAN CAMPAIGN -$13-$17/hour
https://sfbay.craigslist.org/sby/npo/d/education-employment-case/6343675914.html,Community Support Facilitator - San Jose
https://sfbay.craigslist.org/pen/npo/d/operations-specialist/6343650083.html,Masters Swimming Coach
https://sfbay.craigslist.org/eby/npo/d/become-an-activist-get-paid/6343635109.html,"Executive Assistant at small, dynamic environmental nonprofit"
https://sfbay.craigslist.org/sfc/npo/d/marketing-development/6343614646.html,Marketing & Development Coordinator
https://sfbay.craigslist.org/eby/npo/d/zaytuna-college-chief/6343604712.html,MERCY HIGH SCHOOL - CHIEF ADVANCEMENT OFFICER
https://sfbay.craigslist.org/sfc/npo/d/assistant-director-shrader/6343588339.html,ZAYTUNA COLLEGE - CHIEF ADVANCEMENT OFFICER
https://sfbay.craigslist.org/sfc/npo/d/assistant-director-progress/6343560968.html,Counselor - Parker Hill Place
https://sfbay.craigslist.org/sfc/npo/d/licensed-vocational-nurse/6343557945.html,Assistant Director -- Shrader House
https://sfbay.craigslist.org/sfc/npo/d/assistant-director-clay-house/6343552910.html,Clinical Case Manager /Program Supervisor
https://sfbay.craigslist.org/sfc/npo/d/relief-counselor-progress/6343549203.html,Assistant Director - Progress Foundation La Posada
https://sfbay.craigslist.org/nby/npo/d/wildlife-services/6343533223.html,Program Clerk Santa Rosa
https://sfbay.craigslist.org/eby/npo/d/help-needed-to-aid-disaster/6343518162.html,Licensed Vocational Nurse/ Psychiatric Tech (day shift)
https://sfbay.craigslist.org/eby/npo/d/start-at-1450-supporting/6343506491.html,Program Clerk - Dore Residence/ Dore Clinic (30 hours full benefits)
https://sfbay.craigslist.org/sfc/npo/d/general-manager-klimm-sierra/6343460238.html,Assistant Director - Clay House
https://sfbay.craigslist.org/sfc/npo/d/general-manager-aarti-ellis/6343452092.html,Program Psychiatrist - Per Diem
https://sfbay.craigslist.org/sfc/npo/d/general-manager-990-polk/6343449079.html,Relief Counselor - Progress Foundation San Francisco
https://sfbay.craigslist.org/scz/npo/d/stewardship-assistant-land/6343432337.html,Relief Counselor - Progress Foundation Napa
https://sfbay.craigslist.org/sfc/npo/d/work-for-amnesty/6343402137.html,Wildlife Services Representative Customer Service WildCare
https://sfbay.craigslist.org/eby/npo/d/after-school-group-leader/6343373201.html,"Community Organizer, Bilingual Spanish"
https://sfbay.craigslist.org/scz/npo/d/full-time-driver-outreach/6343300027.html,HELP NEEDED TO AID DISASTER RELIEF - $13-$17/hour
https://sfbay.craigslist.org/sfc/npo/d/case-manager-spanish-bilingual/6343284094.html,Director of Organizing
https://sfbay.craigslist.org/pen/npo/d/associate-director-analytics/6343231208.html,Start at $14.50 Supporting Adults w/Disabilities in the Tri-Valley!
https://sfbay.craigslist.org/sfc/npo/d/full-time-program-leader-for/6342583920.html,Development and Communications Manager position at KIDS for the BAY
https://sfbay.craigslist.org/pen/npo/d/animal-care-technician-at-phs/6342550614.html,General Manager- Klimm/Sierra Madre
https://sfbay.craigslist.org/sby/npo/d/canvassing-coordinator/6342536042.html,Roving Senior General Manager
https://sfbay.craigslist.org/pen/npo/d/program-manager-director/6342527166.html,General Manager- Aarti/Ellis
https://sfbay.craigslist.org/nby/npo/d/awake-overnight-counselor/6342523982.html,General Manager- Antonia Manor
https://sfbay.craigslist.org/sby/npo/d/need-part-time-job/6342515036.html,General Manager- 990 Polk
https://sfbay.craigslist.org/eby/npo/d/data-analyst-environment/6342501041.html,Overnight RVT or Veterinary Assistant- One Shift/Week
https://sfbay.craigslist.org/scz/npo/d/clinical-director/6342465225.html,Stewardship Assistant- Land Trust of Santa Cruz County
https://sfbay.craigslist.org/sby/npo/d/accessory-dwelling-unit/6342422814.html,"Wellness Coaches, Personal Trainers and Group Exercise Instructors"
https://sfbay.craigslist.org/sfc/npo/d/staff-accounting/6342382605.html,* ðŸ•¯ WORK for AMNESTY INTERNATIONAL! ðŸ•¯ * (Oakland)
https://sfbay.craigslist.org/sby/npo/d/housing-first-advocate-cmgr/6342333825.html,* ðŸ•¯ WORK for AMNESTY INTERNATIONAL! ðŸ•¯ * (Oakland)
https://sfbay.craigslist.org/eby/npo/d/case-managers-and-ii/6342302669.html,After School Group Leader (AmeriCorps Member)
https://sfbay.craigslist.org/scz/npo/d/comptroller-for-non-profit/6342177059.html,24 Hour Fitness - Administrative Finance Manager -- Nonprofit (PT)
https://sfbay.craigslist.org/sfc/npo/d/senior-real-estate-developer/6342163357.html,"FULL TIME DRIVER/OUTREACH PERSON , Great Benefits, MHCAN"
https://sfbay.craigslist.org/sfc/npo/d/academic-programs-coordinator/6342102851.html,Family Support Coordinator
https://sfbay.craigslist.org/eby/npo/d/work-for-amnesty/6342083184.html,Case Manager (Spanish Bilingual)
https://sfbay.craigslist.org/eby/npo/d/amplify-your-voice-now-hiring/6342006014.html,"Associate Director, Innovation"
https://sfbay.craigslist.org/eby/npo/d/urban-agriculture-educator/6341904757.html,"Associate Director, Analytics"
https://sfbay.craigslist.org/scz/npo/d/stand-up-to-special/6341892636.html,"Program Coordinator (Temporary, Part-Time)"
https://sfbay.craigslist.org/sfc/npo/d/medical-assistant/6341861069.html,Full Time Program Leader for Teen Center
https://sfbay.craigslist.org/sfc/npo/d/kmow-food-program-driver/6341780983.html,Transitional Housing Program Manager
https://sfbay.craigslist.org/sfc/npo/d/youth-home-administrator-case/6341258092.html,Animal Care Technician at PHS & SPCA
https://sfbay.craigslist.org/sfc/npo/d/bilingual-linkage-clinician/6341172056.html,Part-time Paid Internship
https://sfbay.craigslist.org/eby/npo/d/bilingual-classroom-therapist/6341159672.html,Canvassing Coordinator
https://sfbay.craigslist.org/eby/npo/d/voices-bay-area-peer-youth/6341130193.html,Program Manager/Director Child & Family Resource Center
https://sfbay.craigslist.org/eby/npo/d/bilingual-spanish-english/6341122811.html,Program Manager/Director - School Based Counseling Services
https://sfbay.craigslist.org/pen/npo/d/director-of-admissions/6341098610.html,Substance Abuse Counselors (Bilingual Spanish Required)
https://sfbay.craigslist.org/sby/npo/d/clinical-supervisor-mental/6341073144.html,Awake Overnight Counselor - Short-Term Mental Health
https://sfbay.craigslist.org/nby/npo/d/job-trainer-for-adults-with/6341061335.html,Clinician - Intensive Treatment Foster Care
https://sfbay.craigslist.org/eby/npo/d/housing-coordinator/6340990033.html,Need a part time job?
https://sfbay.craigslist.org/eby/npo/d/campaign-jobs-fight/6340971028.html,Administration Manager for Silicon Valley Bicycle Coalition
https://sfbay.craigslist.org/sfc/npo/d/tenderloin-healthy-corner/6340906819.html,Data Analyst (environment & energy)
https://sfbay.craigslist.org/sfc/npo/d/social-worker-ii-antonia-manor/6340887029.html,"Recovery Specialist, Youth Treatment Program"
https://sfbay.craigslist.org/sfc/npo/d/marketing-development/6340863972.html,Clinical Director
https://sfbay.craigslist.org/sby/npo/d/mental-health-clinician-job/6340844318.html,Development Coordinator
https://sfbay.craigslist.org/sby/npo/d/resource-development-manager/6340791027.html,Accessory Dwelling Unit Program Manager - Affordable Housing
https://sfbay.craigslist.org/eby/npo/d/work-for-amnesty/6340758685.html,"Loan Officer, Affordable Housing"
https://sfbay.craigslist.org/eby/npo/d/community-support-facilitator/6340746217.html,Staff Accounting
https://sfbay.craigslist.org/eby/npo/d/clinical-counselor/6340723089.html,On-Call Program Monitor
https://sfbay.craigslist.org/eby/npo/d/property-manager/6340655290.html,Housing First Advocate/CMGR
https://sfbay.craigslist.org/eby/npo/d/community-manager-region-1/6340646409.html,CASE MANAGERS I and II
https://sfbay.craigslist.org/pen/npo/d/community-manager-region-2/6340644000.html,Community Manager - Region 2 (Floater)
https://sfbay.craigslist.org/eby/npo/d/mental-health-counselor-new/6340579036.html,Mental Health Counselor - On-Call New Yosemite
https://sfbay.craigslist.org/eby/npo/d/mental-health-counselor-avalon/6340577711.html,Mental Health Counselor - New Yosemite
https://sfbay.craigslist.org/eby/npo/d/clinical-social-worker-avalon/6340574389.html,Mental Health Counselor - On-Call Avalon
https://sfbay.craigslist.org/eby/npo/d/become-an-activist-get-paid/6340536355.html,Mental Health Counselor - Avalon
https://sfbay.craigslist.org/pen/npo/d/new-caregiving-shifts-in-palo/6340494341.html,Mental Health Therapist - Transitions
https://sfbay.craigslist.org/pen/npo/d/new-caregiving-shifts-in-palo/6340491979.html,Clinical Social Worker Avalon
https://sfbay.craigslist.org/scz/npo/d/companion-for-people-with/6339927757.html,"Bill Wilson Center Hiring Fair - Friday, October 13th - 3PM - 6PM"
https://sfbay.craigslist.org/sby/npo/d/companion-for-people-with/6339917358.html,Become an Activist - GET PAID TO SAVE THE TREES!
https://sfbay.craigslist.org/eby/npo/d/director-research-and-policy/6339877857.html,Great P/T Job for students!  Paid $15 an hour
https://sfbay.craigslist.org/eby/npo/d/membership-program-manager/6339819123.html,"New Caregiving Shifts in Palo Alto! [Health Ins., Bonus, & Raises]"
https://sfbay.craigslist.org/sfc/npo/d/maintenance-iii-ofarrell/6339722065.html,ORGANIZE the PEACE COMMUNITY!!!
https://sfbay.craigslist.org/eby/npo/d/program-assistant/6339695604.html,"New Caregiving Shifts in Palo Alto! [Health Ins., Bonus, & Raises]"
https://sfbay.craigslist.org/nby/npo/d/fitness-and-health/6339683031.html,Residential Counselor On-Call Rising Oaks
https://sfbay.craigslist.org/eby/npo/d/resident-services-assistant/6339651374.html,Companion for people with developmental disabilities
https://sfbay.craigslist.org/pen/npo/d/ministry-coordinator/6339640588.html,Independent Living Skills Trainer
https://sfbay.craigslist.org/eby/npo/d/head-teacher-for-afterschool/6339631673.html,Companion for people with developmental disabilities
https://sfbay.craigslist.org/eby/npo/d/field-staff-needed-for-new/6339613386.html,SEXUAL ASSAULT ADVOCATE
https://sfbay.craigslist.org/sby/npo/d/job-developer/6339584487.html,"Director, Research and Policy"
https://sfbay.craigslist.org/scz/npo/d/set-your-own-flexible-hours/6339473434.html,Development Associate
https://sfbay.craigslist.org/sfc/npo/d/residential-counselor-union/6339421633.html,Membership & Program Manager for Rental Housing Association
https://sfbay.craigslist.org/sfc/npo/d/1200-bonus-mfti-union/6339418725.html,LaSelva Group Clinician I/II
https://sfbay.craigslist.org/sfc/npo/d/case-manager/6339390119.html,Maintenance III - O'Farrell Towers
https://sfbay.craigslist.org/sby/npo/d/executive-director/6339388169.html,Bilingual Outpatient Therapist - Support youth and families!
https://sfbay.craigslist.org/sfc/npo/d/russia-program-associate/6339387064.html,Program Assistant
https://sfbay.craigslist.org/sby/npo/d/family-advocate/6339370797.html,"Custodian - 350 Ellis (Wednesday through Sunday, 8am to 12pm)"
https://sfbay.craigslist.org/sfc/npo/d/economic-development-associate/6339332378.html,Fitness and Health Opportunities - Senior Community - Full/Part Time
https://sfbay.craigslist.org/eby/npo/d/youth-case-manager-life-coach/6339283045.html,GET PAID TO SAVE THE TREES! - Become an Activist!
https://sfbay.craigslist.org/sfc/npo/d/la-cocina-development/6339263841.html,Resident Services Assistant
https://sfbay.craigslist.org/nby/npo/d/join-an-educational-movement/6339246628.html,"Choir Director, part time"
https://sfbay.craigslist.org/sfc/npo/d/work-for-amnesty/6339231323.html,Ministry Coordinator
https://sfbay.craigslist.org/eby/npo/d/social-worker-youth-advocate/6339207935.html,Uplift Family Services is hiring a Family Partner
https://sfbay.craigslist.org/eby/npo/d/clinical-program-manager/6339205542.html,Head Teacher for Afterschool Childcare
https://sfbay.craigslist.org/pen/npo/d/new-caregiving-shifts-in-palo/6339187686.html,Clinician I
https://sfbay.craigslist.org/nby/npo/d/human-resources-generalist/6339158507.html,â˜†FIELD STAFF NEEDED FOR NEW HUMANITARIAN CAMPAIGN -$13-$17/hour
https://sfbay.craigslist.org/sfc/npo/d/manager-or-director-grants/6339153429.html,Mental Health Therapist - bilingual Spanish preferred
https://sfbay.craigslist.org/eby/npo/d/keep-water-clean-earn-some/6339137250.html,Job Developer
https://sfbay.craigslist.org/sby/npo/d/custodian-light-maintenance/6339110286.html,10/11: Uplift Family Services On-Site Career Fair
https://sfbay.craigslist.org/pen/npo/d/administrative-assistant/6339103927.html,â–¶ Set your own flexible hours. Make a difference. [We offer benefits!]
https://sfbay.craigslist.org/eby/npo/d/great-t-job-for-students-paid/6339076271.html,â–¶ â–¶  Join our leadership team as a Supported Living Coordinator!
https://sfbay.craigslist.org/sfc/npo/d/residential-counselor-case/6338930810.html,"Residential Counselor - (Union position, F/T, Day Shifts)"
https://sfbay.craigslist.org/sfc/npo/d/v-technicians-wanted/6338919503.html,REGISTERED AOD COUNSELORS (F/T Openings Day and Swing shifts)
https://sfbay.craigslist.org/eby/npo/d/hr-manager-assistant-intern/6338281356.html,"$1200 BONUS! MFTi (Union position, F/T, Day and Swing Shifts)"
https://sfbay.craigslist.org/eby/npo/d/project-manager-assistant/6338279024.html,"$1200 BONUS! CERTIFIED SUBSTANCE USE COUNSELORS (F/T, Day & Swing)"
https://sfbay.craigslist.org/eby/npo/d/art-director-assistant-intern/6338277734.html,Case Manager
https://sfbay.craigslist.org/sfc/npo/d/work-for-amnesty/6337893772.html,"Psychiatric Respite Residential Counselors-(Union, F/T - All shifts)"
https://sfbay.craigslist.org/nby/npo/d/11-day-program-support-for/6337763969.html,Executive Director
https://sfbay.craigslist.org/nby/npo/d/2-days-fulltime-with-benefits/6337753543.html,Program Director - San Jose Place
https://sfbay.craigslist.org/nby/npo/d/make-difference-caregiver-for/6337743526.html,Russia Program Associate
https://sfbay.craigslist.org/eby/npo/d/event-coordinator-assistant/6337261084.html,Accounts Payable Associate
https://sfbay.craigslist.org/eby/npo/d/hr-manager-assistant-intern/6337257975.html,Family Advocate
https://sfbay.craigslist.org/scz/npo/d/clean-energy-organizer/6336866953.html,Lead Employment and Education Specialist
https://sfbay.craigslist.org/eby/npo/d/hr-manager-assistant-intern/6336637620.html,Economic Development Associate
https://sfbay.craigslist.org/eby/npo/d/hr-manager-assistant-intern/6336635835.html,ILSP Specialist
https://sfbay.craigslist.org/sby/npo/d/community-organizing/6335938788.html,Youth Case Manager Life Coach
https://sfbay.craigslist.org/eby/npo/d/social-work-case-management/6335860658.html,Associate Consultant
https://sfbay.craigslist.org/eby/npo/d/part-time-therapist/6335850609.html,La Cocina Development Assistant
https://sfbay.craigslist.org/sfc/npo/d/property-manager-supportive/6335818879.html,Social Worker II - Kelly Cullen Community
https://sfbay.craigslist.org/sfc/npo/d/project-manager/6335816200.html,Join an Educational Movement! Be a Summer Program Director at Galileo
https://sfbay.craigslist.org/eby/npo/d/part-time-crisis-clinician/6335806525.html,Part-time Bookkeeper
https://sfbay.craigslist.org/sfc/npo/d/non-profit-rental-sales/6335781520.html,Non-Profit Rental Sales Manager
https://sfbay.craigslist.org/sfc/npo/d/manager-of-multi-site/6335769566.html,Direct Support Professional -  Part-time Evenings and/or Weekends
https://sfbay.craigslist.org/sfc/npo/d/case-manager/6335764374.html,Manager of Multi-Site Behavioral Health Services
https://sfbay.craigslist.org/sfc/npo/d/case-manager-supervisor/6335756042.html,Case Manager II
https://sfbay.craigslist.org/sfc/npo/d/weekend-coordinator-fotep/6335754560.html,Case Manager I
https://sfbay.craigslist.org/sfc/npo/d/overnight-monitor-temporary/6335752294.html,Residential Counselor - Licensed Programs
https://sfbay.craigslist.org/sfc/npo/d/administrative-assistant/6335749485.html,Case Manager Supervisor
https://sfbay.craigslist.org/sfc/npo/d/program-manager-assisted-care/6335746759.html,AOD Counselor-FOTEP TI
https://sfbay.craigslist.org/sfc/npo/d/residential-counselor-non/6335730958.html,Weekend Coordinator - FOTEP
https://sfbay.craigslist.org/sfc/npo/d/program-manager-larkin-street/6335721355.html,Supervising Counselor - FOTEP TI
https://sfbay.craigslist.org/scz/npo/d/treatment-technician-full/6335710909.html,Overnight Monitor (Temporary) - FOTEP TI
https://sfbay.craigslist.org/sfc/npo/d/residential-counselor-non/6335703011.html,Child Care Assistant
https://sfbay.craigslist.org/eby/npo/d/help-our-doctors-save-lives/6335676420.html,Administrative Assistant/Patient Advocate
https://sfbay.craigslist.org/sfc/npo/d/site-supervisor-head-start/6335652970.html,Program Managers  for Adult Residential Level 4 Behavioral Facilities
https://sfbay.craigslist.org/nby/npo/d/45760-yr-case-supervisor-for/6335575030.html,Program Manager-Assisted Care/After Care
https://sfbay.craigslist.org/sfc/npo/d/relief-residential-counselor/6335540686.html,Residential Counselor - Licensed Programs
https://sfbay.craigslist.org/scz/npo/d/program-manager/6335489776.html,Residential Counselor - Non Licensed Programs
https://sfbay.craigslist.org/pen/npo/d/individual-placement-job-coach/6335457935.html,Adults with Disabilities in Santa Clara need Your Talent!
https://sfbay.craigslist.org/eby/npo/d/residential-counselor-full/6335371047.html,Program Manager - Larkin Street Academy
https://sfbay.craigslist.org/eby/npo/d/work-for-amnesty/6335368602.html,Adults with Disabilities in Santa Clara need Your Talent!
https://sfbay.craigslist.org/sfc/npo/d/case-manager-or-ii-conard/6335356869.html,Treatment Technician - Full Time and Part Time
https://sfbay.craigslist.org/eby/npo/d/mental-health-peer-field-based/6335354021.html,Residential Counselor - Licensed Programs
https://sfbay.craigslist.org/eby/npo/d/quality-improvement/6335330011.html,Residential Counselor - Non Licensed Programs
https://sfbay.craigslist.org/eby/npo/d/program-aide/6335288228.html,Residential Counselor - Non Licensed Programs
https://sfbay.craigslist.org/eby/npo/d/master-level-clinicians-work/6335275325.html,HELP OUR DOCTORS SAVE LIVES ACROSS THE WORLD - $13-$17/hour
https://sfbay.craigslist.org/sfc/npo/d/tides-senior-accountant/6335257383.html,Family Support Specialist
https://sfbay.craigslist.org/eby/npo/d/get-paid-to-have-fun-and-help/6335250003.html,"Site Supervisor (Head Start, Preschool)"
https://sfbay.craigslist.org/pen/npo/d/detox-assistant/6335196606.html,Adminstrative Assistant
https://sfbay.craigslist.org/eby/npo/d/events-director/6335120066.html,"$45,760/yr: Case Supervisor for Supported Living Services"
https://sfbay.craigslist.org/sby/npo/d/work-with-greenpeace-hourly/6334995071.html,Residential Counselor - Non Licensed Programs
https://sfbay.craigslist.org/nby/npo/d/personal-attendant/6334984063.html,Relief Residential Counselor-Licensed Programs
https://sfbay.craigslist.org/sfc/npo/d/development-officer-position/6334541640.html,ðŸ’ª FLEX YOUR CIVIC MUSCLE! HIRING ECO-ACTIVISTS!ðŸ’ª $14-16/hr.
https://sfbay.craigslist.org/sby/npo/d/case-manager-dic-respite/6334500810.html,Program Manager
https://sfbay.craigslist.org/sfc/npo/d/major-gifts-officer-at-sf/6334492314.html,Pro Bono Manager/Supervising Attorney
https://sfbay.craigslist.org/sby/npo/d/residential-counselor-shelter/6334482075.html,Individual Placement Job Coach
https://sfbay.craigslist.org/nby/npo/d/clinician-short-term/6334475655.html,Adolescent Residential Treatment Counselor
https://sfbay.craigslist.org/nby/npo/d/awake-overnight-counselor/6334458179.html,Residential Counselor - Full Time and On-Call Positions
https://sfbay.craigslist.org/eby/npo/d/clinician-intensive-treatment/6334456443.html,* ðŸ•¯ WORK for AMNESTY INTERNATIONAL! ðŸ•¯ * (Oakland)
https://sfbay.craigslist.org/sby/npo/d/family-wellness-trainer/6334453026.html,* ðŸ•¯ WORK for AMNESTY INTERNATIONAL! ðŸ•¯ * (Oakland)
https://sfbay.craigslist.org/sby/npo/d/clinician-2-school-linked/6334446820.html,"Overnight Shelter Monitor, Job #SS10061701"
https://sfbay.craigslist.org/sby/npo/d/executive-assistant/6334435882.html,"Case Manager I or II @ Conard House, Inc."
https://sfbay.craigslist.org/sby/npo/d/director-of-counseling/6334429303.html,Program Assistant
https://sfbay.craigslist.org/sby/npo/d/host-home-coordinator/6334400239.html,Mental Health Peer - Field Based
https://sfbay.craigslist.org/sby/npo/d/independent-contractor/6334388444.html,Mental Health Peer Counselor - Site Based
https://sfbay.craigslist.org/pen/npo/d/early-childhood-mental-health/6334376452.html,Quality Improvement Administrator
https://sfbay.craigslist.org/pen/npo/d/administrative-assistant/6334363235.html,Management Position in Housing Services!
https://sfbay.craigslist.org/eby/npo/d/substance-abuse-counselor-dui/6334349031.html,Program Aide
https://sfbay.craigslist.org/sfc/npo/d/tay-case-manager-bi-lingual/6334329092.html,Housing Coordinator
https://sfbay.craigslist.org/sfc/npo/d/program-manager-community/6334319279.html,Master Level Clinicians - Work with Underserved Communities
https://sfbay.craigslist.org/nby/npo/d/substance-abuse-counselor-in/6334311182.html,Instructor
https://sfbay.craigslist.org/eby/npo/d/social-work-supervisor-part/6334300652.html,Tides: Senior Accountant
https://sfbay.craigslist.org/sfc/npo/d/porter/6334295227.html,Canine Welfare / Neonatal Technician - Guide Dogs for the Blind
https://sfbay.craigslist.org/sfc/npo/d/cook/6334293355.html,Get Paid to Have Fun and Help Others!!!
https://sfbay.craigslist.org/sfc/npo/d/senior-site-coordinator-full/6334287231.html,Facilities Maintenance Technician - Guide Dogs for the Blind
https://sfbay.craigslist.org/sfc/npo/d/cook-ii/6334250626.html,Detox Assistant
https://sfbay.craigslist.org/eby/npo/d/supported-living-supervisor/6334194824.html,Community Manager - Laguna Commons
https://sfbay.craigslist.org/sfc/npo/d/office-admin-order-taker/6334151489.html,Events Director
https://sfbay.craigslist.org/sfc/npo/d/lead-av-technicians-wanted/6334145295.html,Job Coach Aide
https://sfbay.craigslist.org/pen/npo/d/tbs-worker-san-mateo-bi/6334070149.html,**WORK WITH GREENPEACE** Hourly and bonuses
https://sfbay.craigslist.org/eby/npo/d/clinical-supervisor/6334068091.html,**WORK WITH GREENPEACE** Hourly and bonuses
https://sfbay.craigslist.org/sfc/npo/d/work-for-amnesty/6334042628.html,* ðŸ•¯ WORK for AMNESTY INTERNATIONAL! ðŸ•¯ * (Oakland)
https://sfbay.craigslist.org/eby/npo/d/work-for-amnesty/6334040387.html,Housing Outreach Case Manager - Compass Family Services
https://sfbay.craigslist.org/sfc/npo/d/accounting-manager/6333961843.html,* ðŸ•¯ WORK for AMNESTY INTERNATIONAL! ðŸ•¯ * (Oakland)
https://sfbay.craigslist.org/sfc/npo/d/community-programs-manager/6333950677.html,"Assistant Program Coordinator: Young Community Developers, Inc."
https://sfbay.craigslist.org/sfc/npo/d/bilingual-family-advocate/6333944200.html,Accounting Manager
https://sfbay.craigslist.org/nby/npo/d/participant-advocate-on-call/6333940722.html,Therapist II (2017-125/141)
https://sfbay.craigslist.org/eby/npo/d/hiring-immediately-for/6333934075.html,Community Programs Manager
https://sfbay.craigslist.org/nby/npo/d/make-positive-difference-as/6333829994.html,Case Manager - Domestic Violence Agency
https://sfbay.craigslist.org/sfc/npo/d/animal-and-client-care/6333755120.html,Bilingual Family Advocate
https://sfbay.craigslist.org/scz/npo/d/community-support-facilitator/6333278996.html,Sr. Case Manager Domestic Violence Agency
https://sfbay.craigslist.org/eby/npo/d/holiday-driver/6333191394.html,"Participant Advocate, On Call Napa Nightingale Respite Program"
https://sfbay.craigslist.org/sfc/npo/d/guest-activity-coordinator/6333121618.html,Case Manager - Domestic Violence Agency
https://sfbay.craigslist.org/sfc/npo/d/assistant-director-shrader/6333111949.html,Hiring Immediately for Outreach Staff -- --  Speak for the Trees!
https://sfbay.craigslist.org/nby/npo/d/day-program-professional/6333109336.html,Part-time support staff needed
https://sfbay.craigslist.org/sfc/npo/d/licensed-vocational-nurse/6333106397.html,Make a Positive Difference as a Residential Counselor !! -All Shifts
https://sfbay.craigslist.org/sfc/npo/d/program-clerk-dore-residence/6333103996.html,Clinical Social Worker Avalon
https://sfbay.craigslist.org/sfc/npo/d/infant-toddler-teacher/6333074021.html,Animal and Client Care Associates - Holiday Windows - SF SPCA
https://sfbay.craigslist.org/pen/npo/d/contract-recruiter-early/6333060494.html,Site Coordinator- Elementary After School Program
https://sfbay.craigslist.org/nby/npo/d/relief-counselor-sonoma/6333042098.html,Community Support Facilitator - Watsonville
https://sfbay.craigslist.org/eby/npo/d/grant-writer-support/6333016129.html,Early Education and Family Success Coordinator
https://sfbay.craigslist.org/sfc/npo/d/assistant-director-progress/6332997286.html,HOLIDAY DRIVER
https://sfbay.craigslist.org/sby/npo/d/adoption-caseworker-santa/6332991676.html,Seeking a Grants Officer
https://sfbay.craigslist.org/eby/npo/d/facilities-coordinator/6332980686.html,Guest Activity Coordinator
https://sfbay.craigslist.org/pen/npo/d/substance-abuse-counselor/6332973605.html,Seeking a Bi-Lingual EPSDT Manager and Clinician
https://sfbay.craigslist.org/sfc/npo/d/program-psychiatrist-per-diem/6332962078.html,Assistant Director -- Shrader House
https://sfbay.craigslist.org/nby/npo/d/relief-counselor-progress/6332952391.html,Assistant Director- Parker Hill Place
https://sfbay.craigslist.org/sfc/npo/d/counselor-progress-foundation/6332936659.html,Day Program Professional
https://sfbay.craigslist.org/sby/npo/d/adults-with-disabilities-in/6332881823.html,Program Clerk Santa Rosa
https://sfbay.craigslist.org/sfc/npo/d/receptionist-compass/6332843840.html,Licensed Vocational Nurse/ Psychiatric Tech (day shift)
https://sfbay.craigslist.org/eby/npo/d/linkages-case-manager/6332818913.html,Per Diem Clinical Counselor
https://sfbay.craigslist.org/eby/npo/d/program-specialist/6332797551.html,Program Clerk - Dore Residence/ Dore Clinic (30 hours full benefits)
https://sfbay.craigslist.org/pen/npo/d/administrative-assistant/6332772790.html,Program Manager for Education/Public Awareness
https://sfbay.craigslist.org/eby/npo/d/work-for-amnesty/6332745781.html,Infant Toddler Teacher
https://sfbay.craigslist.org/eby/npo/d/parent-partner-vtp/6332651889.html,Awake Overnight Counselor
https://sfbay.craigslist.org/nby/npo/d/rn-needed-part-time/6332629810.html,Contract Recruiter - Early Childhood Education - Limited Engagement
https://sfbay.craigslist.org/eby/npo/d/helpline-associate-bilingual/6332599702.html,Family Specialist (On-Call)
https://sfbay.craigslist.org/sfc/npo/d/one-stop-center-resource/6332574605.html,Relief Counselor- Sonoma
https://sfbay.craigslist.org/sfc/npo/d/volunteer-services/6332558066.html,Rapid Re-Housing Case Manager FTE
https://sfbay.craigslist.org/pen/npo/d/associate-director-major-gifts/6332533220.html,Grant Writer - Support a nonprofit children's agency!
https://sfbay.craigslist.org/eby/npo/d/organize-for-more-peaceful/6332521317.html,Bilingual Classroom Therapist - Children's Therapeutic Preschool
https://sfbay.craigslist.org/sfc/npo/d/bilingual-executive-secretary/6332454325.html,Assistant Director- Progress House
https://sfbay.craigslist.org/nby/npo/d/case-manager-transitional/6332393963.html,Program Director - Cortland House
